Workbook

Sheet Cover
B2: GD&T & TOLERANCE STACK-UP ANALYSIS
B3: Aircraft Engine Mount Bracket — Design 2 (Topology-Optimised)
B5: Document | C5: Dimensional Management Dossier — DFM extension to FEA study
B6: Part name | C6: Aircraft engine mount bracket (clevis-lug type)
B7: Part number | C7: AEB-D2-1001
B8: Revision / date | C8: Rev A / 2026
B9: Material | C9: SAE 4130 (chromoly steel), yield strength 460 MPa
B10: Base process | C10: CNC machined from billet; deburred, edge-break 0.3 max
B11: Governing standard | C11: ASME Y14.5-2018 (Dimensioning & Tolerancing)
B12: General tolerance | C12: ISO 2768-mK (linear/angular), unless individually toleranced
B13: Units | C13: Millimetres (mm); diametral zones noted with Diameter symbol
B14: Engineer | C14: Dinesh Natarajan
B15: Scope | C15: Datum scheme, feature control frame register, 1D tolerance stacks (worst-case + RSS), fastener fit / MMC bonus, inspection plan
B17: Purpose: this dossier converts the validated topology-optimised geometry into a manufacturable, inspectable definition. It assigns a function-driven datum reference frame, specifies geometric controls only where they are functionally justified, and proves the bolted interface assembles at the tolerance extremes via worst-case and statistical (RSS) stacks.

Sheet Datum Scheme
B2: DATUM REFERENCE FRAME (function-driven, 3-2-1 constraint)
B3: Datum | C3: Datum feature | D3: Constrains | E3: DOF removed | F3: Functional rationale
B4: A | C4: Base flange mounting face | D4: Translation Z, rotation X, rotation Y | E4: 3 | F4: Seats first against the airframe/engine structure; carries bolt preload — primary load interface
B5: B | C5: Base locating hole #1 (reamed) | D5: Translation X, translation Y | E5: 2 | F5: Primary 2D locator; establishes part origin in the mounting plane
B6: C | C6: Base locating hole #2 (reamed) | D6: Rotation Z (clocking) | E6: 1 | F6: Anti-rotation / clocking; fixes the final rotational DOF
B8: Total DOF removed | E8: =SUM(E4:E6) -> 0 | F8: Fully constrained rigid body (6 DOF) — frame is complete and unambiguous
B10: Notes: (1) Datum precedence A|B|C reflects assembly order, not feature size. (2) Datum features B and C are themselves controlled (see FCF register) so the frame is repeatable. (3) Where a feature-of-size datum is referenced at MMB, the datum shift is permitted and quantified in the fastener-fit sheet.

Sheet FCF Register
B2: FEATURE CONTROL FRAME (FCF) REGISTER — ASME Y14.5-2018
B3: # | C3: Feature | D3: Characteristic | E3: Tol. zone (mm) | F3: Datum ref | G3: Modifier | H3: Functional rationale | I3: Inspection method
B4: 1 | C4: Datum A — base mounting face | D4: ⏥ Flatness | E4: 0.05 | F4: — | G4: — | H4: Uniform bolt preload; prevents rock/gapping at the joint | I4: CMM plane fit / surface plate
B5: 2 | C5: Datum B — locating hole (Ø10 H8) | D5: ⌭ Cylindricity | E5: 0.01 | F5: — | G5: — | H5: Clean pin/locator fit; stable datum | I5: CMM bore scan
B6: 3 | C6: Datum B — locating hole | D6: ⌖ Position | E6: Ø 0.10 | F6: A | G6: MMC | H6: Locator position about primary datum | I6: CMM
B7: 4 | C7: Datum C — locating hole (Ø10 H8) | D7: ⌖ Position | E7: Ø 0.10 | F7: A | B | G7: MMC | H7: Clocking control; fixes final DOF | I7: CMM
B8: 5 | C8: Mounting bolt holes (2x, Ø8.4) | D8: ⌖ Position | E8: Ø 0.20 | F8: A | B | C | G8: MMC | H8: Floating-fastener assembly to structure; bonus tol aids assembly | I8: CMM / functional gauge
B9: 6 | C9: Clevis pin bore (Ø20 H7) | D9: ⌖ Position | E9: Ø 0.25 | F9: A | B | C | G9: MMC | H9: Locates load line / pin to mounting frame | I9: CMM
B10: 7 | C10: Clevis pin bore (Ø20 H7) | D10: ⟂ Perpendicularity | E10: Ø 0.05 | F10: A | G10: — | H10: Bore axis square to mount plane; even pin bearing | I10: CMM axis fit
B11: 8 | C11: Clevis pin bore (Ø20 H7) | D11: ⌭ Cylindricity | E11: 0.02 | F11: — | G11: — | H11: Bearing/bush fit quality, low contact stress | I11: CMM bore scan
B12: 9 | C12: Clevis fork inner faces (2x) | D12: ∥ Parallelism | E12: 0.10 | F12: A | G12: — | H12: Fork clamps the mating tang evenly; no pin cocking | I12: CMM / height gauge
B13: 10 | C13: Optimised web / organic surface | D13: ⌓ Profile of a surface | E13: 0.50 | F13: A | B | G13: — | H13: NON-mating TO surface — loose, function-driven tolerance | I13: 3D scan vs CAD (GD&T profile)
B15: Design principle: tight form/orientation only on mating + load-path features (bores, mount face, locating holes). The topology-optimised web — the mass-reduced organic region — is NON-mating and therefore receives a deliberately loose profile tolerance (row 10). This is function-driven tolerancing: cost is spent only where function demands it.

Sheet Stackup-BoreHeight
B2: 1D TOLERANCE STACK-UP — Clevis pin-bore axis height above Datum A
B3: Chain of machined dimensions from the mounting plane (Datum A) to the pin-bore axis. Worst-case (arithmetic) vs Root-Sum-Square (statistical, 3σ ≈ tolerance).
B4: Link | C4: Dimension (A -> bore axis) | D4: Nominal (mm) | E4: ± Tol (mm) | F4: Tol^2 | G4: Contribution
B5: d1 | C5: Face A to web root (flange thickness) | D5: 12 | E5: 0.1 | F5: =E5^2 -> 0.01 | G5: linear, +/-
B6: d2 | C6: Web root to lug shoulder | D6: 78 | E6: 0.15 | F6: =E6^2 -> 0.0225 | G6: linear, +/-
B7: d3 | C7: Lug shoulder to bore axis | D7: 25 | E7: 0.1 | F7: =E7^2 -> 0.01 | G7: linear, +/-
C8: Nominal pin-bore height | D8: =SUM(D5:D7) -> 115
B10: RESULTS
C11: Worst-case tolerance (Σ|tol|) | D11: =SUM(E5:E7) -> 0.35
C12: Worst-case band (total) | D12: =2*D11 -> 0.7
C13: RSS tolerance (√Σtol²) | D13: =SQRT(SUM(F5:F7)) -> 0.20615528
C14: RSS band (total) | D14: =2*D13 -> 0.41231056
C15: RSS as % of worst-case | D15: =D13/D11 -> 0.58901509
C17: Interface limit (mating clevis allowance) | D17: 0.3
C18: Pass / fail (RSS ≤ limit) | D18: =IF(D13<=D17,"PASS","FAIL") -> PASS
B20: Interpretation: worst-case assumes every machined dimension simultaneously hits its limit (rare). RSS reflects realistic production scatter, giving a markedly tighter expected band — the bore-to-mount interface stays within the mating clevis allowance, so the assembly will not bind. Blue cells are inputs; change a nominal or tolerance and all results recalculate.
B22: Chart data
B23: Worst-case | C23: =D11 -> 0.35
B24: RSS | C24: =D13 -> 0.20615528
B25: Interface limit | C25: =D17 -> 0.3

Sheet Fastener Fit (MMC)
B2: FASTENER FIT & MMC BONUS — base bolt holes (floating fastener)
B3: Parameter | C3: Value (mm) | E3: Description
B4: Fastener nominal (M8) — MMC of screw | C4: 8 | E4: Largest screw body (MMC of fastener)
B5: Clearance hole — MMC (smallest hole) | C5: 8.4 | E5: Hole lower limit (Ø8.4 +0.2/0)
B6: Clearance hole — LMC (largest hole) | C6: 8.6 | E6: Hole upper limit
B7: Geometric position tol at MMC (per part) | C7: =(C5-C4)/2 -> 0.2 | E7: Floating fastener: split (H_MMC − F_MMC) across the two parts
B8: Stated position tol on drawing (per part) | C8: 0.2 | E8: Value carried into FCF register (row 5)
B10: MMC BONUS TOLERANCE
B11: Bonus available at LMC (LMC − MMC) | C11: =C6-C5 -> 0.2 | E11: Extra position tolerance as the hole departs MMC
B12: Allowable position at LMC (geo + bonus) | C12: =C8+C11 -> 0.4 | E12: Total true-position zone when hole is at its largest
B14: VIRTUAL CONDITION & ASSEMBLY CHECK
B15: Virtual condition of hole (MMC − geo tol) | C15: =C5-C8 -> 8.2 | E15: Worst-case inner boundary the fastener must clear
B16: Clearance vs fastener MMC (VC − F_MMC) | C16: =C15-C4 -> 0.2 | E16: Must be ≥ 0 for guaranteed assembly
B17: Assembly verdict | C17: =IF(C16>=0,"GUARANTEED ASSEMBLY","INTERFERENCE RISK") -> GUARANTEED ASSEMBLY | E17: Hole virtual condition stays clear of the largest screw at all sizes
B19: Takeaway: the drawing's Ø0.20 (M) position on the base holes is derived from the floating-fastener rule, not guessed. The MMC modifier hands back bonus tolerance as holes grow toward LMC (up to Ø0.40 total), easing manufacture while the virtual-condition check still guarantees the bolts pass — assembly is proven at every size within limits.

Sheet Summary
B2: SUMMARY — dimensional management outcomes
B3: Metric | C3: Result | D3: Significance
B4: Governing standard | C4: ASME Y14.5-2018 | D4: Tier-1 OEM drawing language
B5: Datum frame | C5: A | B | C (3-2-1) | D5: Fully constrained, unambiguous
B6: Geometric controls specified | C6: =COUNTA('FCF Register'!C4:C13) -> 10 | D6: Function-driven, not blanket-tight
B7: Tightest form control | C7: Cylindricity 0.01 (Datum B) | D7: Locator/bearing fit quality
B8: Bore-height stack — worst case | C8: ="+/- " & 'Stackup-BoreHeight'!D11 & " mm" -> +/- 0.35 mm | D8: Conservative bound
B9: Bore-height stack — RSS | C9: ="+/- " & TEXT('Stackup-BoreHeight'!D13,"0.000") & " mm" -> +/- 0.206 mm | D9: Realistic production band
B10: RSS vs worst-case | C10: =TEXT('Stackup-BoreHeight'!D15,"0.0%") -> 58.9% | D10: Statistical tightening
B11: Base-hole position (MMC) | C11: Ø0.20 (M) | D11: Floating-fastener derived
B12: Allowable position at LMC | C12: ="Ø" & TEXT('Fastener Fit (MMC)'!C12,"0.00") & " (incl. bonus)" -> Ø0.40 (incl. bonus) | D12: Eases manufacture
B13: Assembly guarantee | C13: ='Fastener Fit (MMC)'!C17 -> GUARANTEED ASSEMBLY | D13: Virtual-condition proven
B15: One-line story for interview: "I closed the loop on the optimised bracket — assigned a function-driven A|B|C datum frame, specified GD&T only on mating and load-path features, and proved the bolted interface assembles at MMC with a worst-case and RSS stack."
